,fsim,psnr,SSIM,rnmse,PCC,n_pixels,mse,R2,r,exp_var,var_pred,var_target,delta_min,delta_max,img
0,0,0,0.6727454659919273,0,[0],5120000,0.03912132,-0.2444013487743284,0.6167377629837683,-0.24439990520477295,0.05765021,0.0314379,-6.099192,48.587185,0
