,fsim,psnr,SSIM,rnmse,PCC,n_pixels,mse,R2,r,exp_var,var_pred,var_target,delta_min,delta_max,img
0,0,0,0.6753374461285125,0,[0],5120000,0.013606454,0.34545224468404157,0.6802792228212,0.3454519510269165,0.015046021,0.020787556,-2.4246912,0.50476676,10
