,fsim,psnr,SSIM,rnmse,PCC,n_pixels,mse,R2,r,exp_var,var_pred,var_target,delta_min,delta_max,img
0,0,0,0.6860373208909702,0,[0],5120000,0.013106573,0.30124741295824253,0.7042860644905458,0.30124717950820923,0.017138567,0.018757096,-1.7574475,0.64494985,11
