,fsim,psnr,SSIM,rnmse,PCC,n_pixels,mse,R2,r,exp_var,var_pred,var_target,delta_min,delta_max,img
0,0,0,0.5586283208967604,0,[0],5120000,0.07020144,-0.4893814844061304,0.5376765517518615,-0.48938214778900146,0.068297274,0.047134608,-9.856636,33.59429,1
