,fsim,psnr,SSIM,rnmse,PCC,n_pixels,mse,R2,r,exp_var,var_pred,var_target,delta_min,delta_max,img
0,0,0,0.6769488817928483,0,[0],5120000,0.014201028,0.31274791754132103,0.703137366892599,0.3127477169036865,0.017914748,0.020663487,-1.7923048,0.5472328,2
