,fsim,psnr,SSIM,rnmse,PCC,n_pixels,mse,R2,r,exp_var,var_pred,var_target,delta_min,delta_max,img
0,0,0,0.6799096170581143,0,[0],5120000,0.015849005,0.3079733132061794,0.6762299586458199,0.3079729676246643,0.017624322,0.022902291,-8.2095,6.559854,3
