,fsim,psnr,SSIM,rnmse,PCC,n_pixels,mse,R2,r,exp_var,var_pred,var_target,delta_min,delta_max,img
0,0,0,0.6595501399862707,0,[0],5120000,0.016046228,0.30952398326110075,0.6907913588179847,0.3095247149467468,0.020258877,0.023239395,-1.9182014,0.60176754,4
