,fsim,psnr,SSIM,rnmse,PCC,n_pixels,mse,R2,r,exp_var,var_pred,var_target,delta_min,delta_max,img
0,0,0,0.6893571555518697,0,[0],5120000,0.012785049,0.30686025234229763,0.7032673008697314,0.3068600296974182,0.017042786,0.01844512,-1.684561,0.5382519,5
