,fsim,psnr,SSIM,rnmse,PCC,n_pixels,mse,R2,r,exp_var,var_pred,var_target,delta_min,delta_max,img
0,0,0,0.6578998068541817,0,[0],5120000,0.01661108,0.3478039293692754,0.697968346740583,0.34780365228652954,0.021390744,0.025469448,-3.1611686,0.6368139,6
