,fsim,psnr,SSIM,rnmse,PCC,n_pixels,mse,R2,r,exp_var,var_pred,var_target,delta_min,delta_max,img
0,0,0,0.6804959109309004,0,[0],5120000,0.04955812,0.38554218722047173,0.6530901450421825,0.38554203510284424,0.03739233,0.08065339,-16.875498,13.224321,7
