,fsim,psnr,SSIM,rnmse,PCC,n_pixels,mse,R2,r,exp_var,var_pred,var_target,delta_min,delta_max,img
0,0,0,0.6566672872092871,0,[0],5120000,0.014495463,0.35060824029087967,0.6827981671330443,0.3506079912185669,0.018966826,0.022321593,-5.381337,4.4504595,8
