,fsim,psnr,SSIM,rnmse,PCC,n_pixels,mse,R2,r,exp_var,var_pred,var_target,delta_min,delta_max,img
0,0,0,0.6771900042508827,0,[0],5120000,0.014765835,0.2937045722399825,0.6768272145384859,0.2937048673629761,0.016076962,0.020906042,-2.7733502,0.6105635,9
